country,year,month,T2M,T2M_MAX,T2M_MIN,RH2M,PRECTOTCORR_mm_per_day,PRECTOTCORR_monthly_mm
Kenya,1981,1,26.008660444135028,35.32953004883295,17.340631431566063,46.18860471464109,0.17799602377428933,5.517876737002969
Kenya,1981,2,26.95903136009381,36.32490983684702,17.86566137165742,46.18804775404126,0.4017111556473802,11.247912358126646
Kenya,1981,3,26.168652460758377,36.228033672399484,19.41091994846575,61.71775037794131,5.174400123900352,160.4064038409109
Kenya,1981,4,24.129965204009814,32.33353567290067,18.159873992441774,76.33836584417253,6.6607406375871845,199.82221912761554
Kenya,1981,5,23.756472642367875,31.037749448268396,17.771805947784856,74.87408221896831,2.9723124641560204,92.14168638883663
Kenya,1981,6,23.266422082698487,31.11243961243763,15.585037238190367,66.25274457503208,0.7257061538313723,21.77118461494117
Kenya,1981,7,23.07628311755877,30.841292991484483,16.380656864485573,63.57019493671606,1.091964758575616,33.8509075158441
Kenya,1981,8,23.778631847488306,31.920073243361575,16.99346302941849,61.87931672874301,1.4369815105116708,44.54642682586179
Kenya,1981,9,24.84349971830702,33.61992226354656,17.02562635809651,57.90558196509427,1.063283266526336,31.898497995790084
Kenya,1981,10,25.34723106434286,34.46132062276623,17.74631235318381,59.7929207378305,2.218562718003358,68.7754442581041
Kenya,1981,11,24.96109947320106,33.55239079811066,17.63254444404303,63.305788256479644,2.2139912801891763,66.41973840567529
Kenya,1981,12,25.23150990224078,33.7233336880943,17.142163937821387,59.23042876023749,1.1869943223819346,36.79682399383997
Kenya,1982,1,25.47372914218387,34.95851882840135,17.96288626892925,55.86674826809439,1.2070325976629421,37.4180105275512
Kenya,1982,2,26.686847653382337,36.25954817644129,18.080072874600187,48.439408700055004,0.613927878880319,17.18998060864893
Kenya,1982,3,27.30493646840956,36.77491538046879,18.985470492685113,48.31046475319391,0.9475119863775205,29.372871577703137
Kenya,1982,4,24.903874942812898,33.501404687163074,18.9133424000881,69.88163372250335,6.162735199246592,184.88205597739775
Kenya,1982,5,23.989016098441382,31.91148754684445,17.80354318500356,73.55317554142837,4.403377185037165,136.50469273615212
Kenya,1982,6,23.832020734251618,31.39681100225222,17.09066576074933,66.87992764228359,0.9012892236636684,27.03867670991005
Kenya,1982,7,23.51695025224605,31.519955934597796,16.342753770598982,63.09134821320096,0.7795645891427487,24.166502263425212
Kenya,1982,8,23.725219248336938,31.95699829139598,16.92902978805019,59.18500898192061,1.0245691944826814,31.761645028963123
Kenya,1982,9,24.97063179274845,33.35469512484095,17.29800984282662,56.36403197387465,0.9845373597617564,29.536120792852692
Kenya,1982,10,24.304401782038223,32.649217811846235,17.566552522766585,68.33459535317108,4.731174121000496,146.66639775101538
Kenya,1982,11,24.355213765885814,32.54572549747186,17.889445720918598,69.81449549863149,3.9648748678490775,118.94624603547233
Kenya,1982,12,24.262155899238408,33.01385138090148,16.193295701186113,66.75837349297277,2.0955205322905956,64.96113650100847
Kenya,1983,1,25.67799868297864,35.04650091870046,16.74562765122377,54.07073093952956,0.20575665824082282,6.378456405465507
Kenya,1983,2,26.789810420110104,36.186798775415944,18.851109953618383,53.61722199669971,1.1302017737391326,31.64564966469571
Kenya,1983,3,28.050805621688568,36.73543044807728,20.14520174011105,48.53008745519481,0.363857133614948,11.279571142063388
Kenya,1983,4,27.095496711867955,36.26524796218863,19.87591881812536,57.010363629154035,2.7384138281169883,82.15241484350965
Kenya,1983,5,25.122766604969005,33.11584882691862,18.39944373143961,67.2970152975682,2.8126443224004523,87.19197399441401
Kenya,1983,6,24.511408492965266,32.47852044645619,18.143344112796306,64.35800848976683,1.3348724591820773,40.04617377546232
Kenya,1983,7,23.976300142521552,31.72872164720603,17.32398503752245,61.51122109594164,1.1155747971427443,34.58281871142508
Kenya,1983,8,24.140695216648993,32.99127864167574,17.18908683619309,61.03006930341694,1.3091834965481506,40.58468839299267
Kenya,1983,9,24.873238665655858,33.69014089480814,16.823847923012718,56.53439080965651,1.019800749552822,30.594022486584663
Kenya,1983,10,25.720669224645576,34.09917694917029,18.183101626547245,56.50427875368793,1.1650533101701406,36.11665261527436
Kenya,1983,11,25.6242724709044,34.27393811885943,18.361543358468477,58.50572305054114,1.7494788034608422,52.484364103825264
Kenya,1983,12,25.361752473440017,33.93013785743068,18.128500774752812,56.36401129418465,1.7972299309611144,55.714127859794544
Kenya,1984,1,25.730781628991544,35.195968146360684,16.88149045703288,45.851620509981906,0.23487709794431091,7.281190036273638
Kenya,1984,2,26.213038356367246,36.372637616957384,16.552035338793303,40.39516684453265,0.1190304272996061,3.451882391688577
Kenya,1984,3,27.25475089619281,36.467232434346435,18.753432053783445,47.31454795683019,0.3109830663183331,9.640475055868327
Kenya,1984,4,26.78979594465636,36.35554379317637,19.409758175627825,58.07855165548034,2.4733421730536587,74.20026519160976
Kenya,1984,5,25.100708216139992,33.241670269242775,18.159228442298236,61.7994589365026,1.3744637512989906,42.60837629026871
Kenya,1984,6,23.945908568262293,32.219817813126305,16.83163632741576,60.074786594487705,0.8336826341400291,25.010479024200873
Kenya,1984,7,23.300160231775877,31.28230148369144,16.605620818420824,59.60382438885292,0.8956020834813393,27.763664587921518
Kenya,1984,8,23.708062246832736,32.284369152398455,16.61533772971892,57.03803246629852,0.9054979881005918,28.070437631118345
Kenya,1984,9,24.751274122743844,33.67434125817992,16.475342932363613,53.10821102200098,0.6742748758179216,20.228246274537646
Kenya,1984,10,24.835036275066226,33.9055691775216,17.551061087377434,60.447979254819124,2.6754313537440257,82.93837196606479
Kenya,1984,11,24.14212668255441,32.383748904467254,17.80528126745267,69.11348738693353,3.945344010854726,118.36032032564178
Kenya,1984,12,24.487998292496968,33.89779077540288,16.203666801171973,60.606612478750186,1.71277223048533,53.09593914504523
Kenya,1985,1,25.505192633741387,35.181926236335045,16.682032053467246,53.60168462322025,0.797222992249618,24.713912759738157
Kenya,1985,2,25.947394830861345,35.78517687298498,16.914790082053692,49.85470127575718,1.2200586368272095,34.161641831161866
Kenya,1985,3,26.293569701848345,35.58122442278707,18.27927291969289,56.00874148430343,2.678037881838958,83.0191743370077
Kenya,1985,4,24.705617903314334,33.2252622226242,17.829512807441002,69.83533077853822,4.692074507916218,140.76223523748655
Kenya,1985,5,23.567551017036898,31.44854948250024,17.41502874671571,72.66095156676248,4.21733886337006,130.73750476447185
Kenya,1985,6,22.957243979420802,30.806158417959423,16.301150169516593,65.33443697470862,0.8085792423212513,24.25737726963754
Kenya,1985,7,22.898595853351015,31.084413013723243,16.099356674533386,62.81541340028255,1.0082636854867761,31.256174250090062
Kenya,1985,8,23.315841679222796,31.550450969239968,16.022225275321194,58.138476598246996,0.7029120301942703,21.79027293602238
Kenya,1985,9,24.728000614199317,33.355957112401285,17.477460985573984,55.39138723429633,0.6324578103536187,18.97373431060856
Kenya,1985,10,25.04831576300734,33.80395776722274,17.123603925674573,56.81772117448238,1.252613837240259,38.83102895444803
Kenya,1985,11,25.00782213122005,33.4420803199913,18.231046256579766,61.979236646652204,1.967564408903011,59.02693226709033
Kenya,1985,12,25.343077720224144,33.92110896650148,17.69709966395376,56.88591865790407,1.0439671532348853,32.36298175028144
Kenya,1986,1,25.824165947180326,35.25072788254827,17.221708156878588,46.19189948192828,0.22427161801768097,6.95242015854811
Kenya,1986,2,26.84421030887168,36.44704941953364,17.719209504569307,43.824465160317764,0.17936897223397066,5.022331222551179
Kenya,1986,3,26.854693180939165,36.16235691574699,19.072651214397876,52.91734880760045,1.4644469013517472,45.39785394190416
Kenya,1986,4,25.231219138170545,34.80470123505,19.031161424114522,67.50753622775383,5.883955674071203,176.51867022213608
Kenya,1986,5,24.198881289698093,31.65987475793173,18.23236616004579,72.33285775199649,3.286519913015936,101.88211730349401
Kenya,1986,6,22.945716849552095,30.671015734396967,16.0619848779906,67.4660349526148,1.377681750178896,41.33045250536688
Kenya,1986,7,22.592417576498796,30.661503464163584,15.534411168944297,62.699265371311846,0.7510570649486306,23.28276901340755
Kenya,1986,8,23.30456734551021,31.677803187661603,15.664227144187006,58.33088717714413,0.8024823800835631,24.876953782590455
Kenya,1986,9,24.34795290235117,33.42338534894221,16.344450973637674,55.74180116191127,0.5058590409303926,15.175771227911778
Kenya,1986,10,25.568835369748403,34.48943774343678,17.386296260641554,55.811334693045445,1.1258318653709727,34.90078782650016
Kenya,1986,11,25.35901430182019,34.15471629874409,18.353556785978228,61.54360865704204,2.863149565188741,85.89448695566223
Kenya,1986,12,24.22662845079469,33.46229178601811,17.080568985956322,65.58653445178349,3.111866879555527,96.46787326622135
Kenya,1987,1,25.194159582112476,34.435236157609474,16.759115587294687,53.64204365206726,0.9451572448923048,29.29987459166145
Kenya,1987,2,26.63898455327612,36.06481882800443,16.393166905020685,48.04457897448105,0.5432082635846579,15.20983138037042
Kenya,1987,3,27.400315636593714,36.65730901455245,19.24647323918946,52.67994677332003,1.700536709873418,52.71663800607596
Kenya,1987,4,26.050939792062668,35.935997196459965,19.29210857748669,64.09257454803331,3.958146190609436,118.74438571828308
Kenya,1987,5,24.66489137233788,32.809969635026654,17.930782776572904,70.23218016007124,4.9919415896039725,154.75018927772314
Kenya,1987,6,23.062691515130627,31.08099192872443,15.972457375737138,68.84091768824538,1.5932620558329338,47.79786167498801
Kenya,1987,7,23.044625799464864,31.371229680269686,15.806972509386815,63.59250105615119,1.1820098289178527,36.64230469645343
Kenya,1987,8,23.58619141819582,32.0223244116702,16.544826174804456,62.22563168148866,1.4177940160574638,43.95161449778138
Kenya,1987,9,25.2847301964619,33.899525878962756,17.68030041113131,55.45583362630212,0.3598696931745583,10.796090795236749
Kenya,1987,10,26.364818430467633,34.993605321581164,18.343100573984433,52.450799738645,0.5512432404292545,17.08854045330689
Kenya,1987,11,25.832167126601735,34.716462780806374,18.378237250949606,59.3030153006895,2.106779783169007,63.20339349507021
Kenya,1987,12,26.41372192082316,35.797976367686026,18.095668666039778,52.10530675990771,0.4988509607367933,15.464379782840592
Kenya,1988,1,26.83771175661445,35.87274415870775,18.407982828600954,50.619021726740435,1.022416500787367,31.694911524408376
Kenya,1988,2,27.508815756806843,36.59979692169825,18.879570727887852,46.61216476692448,0.4642638271053503,13.463650986055159
Kenya,1988,3,27.637104430488545,37.488696012336554,19.55278144821687,52.73809412017888,2.0485261551370537,63.504310809248665
Kenya,1988,4,25.39532899043689,35.20096798365776,19.8016887603435,71.61880426853892,7.336122961117014,220.08368883351042
Kenya,1988,5,24.228807382955853,31.95963157408531,18.075104030934536,70.72975306662066,1.9239520621423092,59.64251392641158
Kenya,1988,6,23.82148427357227,31.65929321586304,17.108108435197924,66.10882731878407,1.1824446751886344,35.47334025565903
Kenya,1988,7,23.428393814582407,31.6632112112007,16.007285625071216,62.03711203638257,1.2843480315639406,39.814788978482156
Kenya,1988,8,24.05774512036448,32.40307031601974,16.989410759483487,60.62974003438764,1.3558727207957857,42.032054344669355
Kenya,1988,9,24.641746772585275,34.19028801671656,16.582736914631937,57.96445158321425,1.5942862184212623,47.828586552637866
Kenya,1988,10,25.657141443195346,34.499629086859244,17.96583831200298,57.49431619829696,1.7235270423660738,53.42933831334829
Kenya,1988,11,24.40570913519936,32.58839932801116,17.610451211697924,66.15557447692468,2.925765954967938,87.77297864903814
Kenya,1988,12,24.460584617063958,32.8801465038287,17.078943449708696,62.29667243143101,2.426958484012007,75.23571300437222
Kenya,1989,1,24.757248932098292,33.78207060834068,16.65125544472271,56.601040970114084,1.3931983698715114,43.18914946601685
Kenya,1989,2,25.300908416809314,34.77061072623041,16.330972596513966,52.72502998184373,1.2678325873032743,35.49931244449168
Kenya,1989,3,26.45499890269349,35.760356235341426,17.559829401759725,53.44148648605981,1.7498169469210352,54.24432535455209
Kenya,1989,4,24.863743919883813,33.52327358468941,18.27445119380591,67.66768455401774,5.139694060973318,154.19082182919956
Kenya,1989,5,23.882850225662274,31.365021157446204,17.78526255640345,71.93845706733691,2.731859549121238,84.68764602275837
Kenya,1989,6,23.188050780172283,31.012773722042876,15.726943489352028,63.97225486646164,0.692190317259472,20.76570951778416
Kenya,1989,7,23.137106303894843,31.054141879788496,16.29115875037976,61.945771333398135,1.1339440239985314,35.152264743954476
Kenya,1989,8,23.368667379340128,32.07994148757839,15.968039109937234,59.08992959574032,0.8953054202137699,27.754468026626867
Kenya,1989,9,24.92594123331782,33.75680515028784,17.334053115997595,56.953137138866225,1.1073756519616849,33.221269558850544
Kenya,1989,10,24.965978845981056,34.0991270230389,17.610659632591982,60.35190794394196,2.4847782496035644,77.0281257377105
Kenya,1989,11,24.478720553687424,32.74757028887545,17.964038788522345,69.49918622440748,4.191677521150899,125.75032563452696
Kenya,1989,12,24.524827868372636,33.17461144905575,17.8855480034922,67.4614379454573,2.5985579375100634,80.55529606281196
Kenya,1990,1,25.13281754311545,34.06898026025915,16.61187739722989,58.252489332738314,1.154904496472517,35.80203939064803
Kenya,1990,2,26.40364584650706,35.64630007882444,19.16149891856814,58.13232678483841,2.7812647179208145,77.87541210178281
Kenya,1990,3,25.692414515189373,34.0943649140852,18.933142149161334,65.98899887546746,3.6485607137166007,113.10538212521462
Kenya,1990,4,24.525415215695954,32.26409729902465,18.896284616663987,75.3381558738771,5.775227173768018,173.25681521304054
Kenya,1990,5,24.801230321056526,32.526020744810836,18.67222583776817,68.663461013191,1.5550488513310403,48.20651439126225
Kenya,1990,6,23.78971241770189,31.784790759427548,16.272848007620983,61.967628967017674,0.37172414651120234,11.15172439533607
Kenya,1990,7,23.2778143426898,31.496951304147007,15.845018480060125,59.34382181075621,0.74555752297441,23.112283212206712
Kenya,1990,8,23.901669380439976,32.50568925515404,17.128791363526084,57.67481696834095,0.7046103146434336,21.842919753946443
Kenya,1990,9,25.146524072055453,33.84114776472021,17.410303883502372,54.096260651048176,0.6049160268554505,18.147480805663516
Kenya,1990,10,25.311743933237057,34.06095644424145,17.921730918689942,60.03628773903289,1.8618113124319626,57.71615068539084
Kenya,1990,11,25.1440529719133,33.90288850354243,18.583945538631344,64.47796479155228,2.831979756600238,84.95939269800714
Kenya,1990,12,24.380519627102032,33.155556604763206,16.640194455207975,64.41051042982907,2.381128138666433,73.81497229865943
Kenya,1991,1,25.655608270262316,35.25547313022563,17.179834323508594,56.34495702680419,1.316850539049031,40.822366710519965
Kenya,1991,2,26.9906992490018,36.64020664353592,18.236937713556344,47.854499618729974,0.4228010195868711,11.838428548432391
Kenya,1991,3,27.188108438707346,36.816793523156825,18.80002302577179,51.776420092376796,2.004526144412373,62.14031047678356
Kenya,1991,4,26.195138011327145,34.83273526456117,19.150976153129548,62.03390265650677,2.465919668602314,73.97759005806942
Kenya,1991,5,25.197628471334074,33.079487045470174,18.7829514524823,67.74404733191285,2.9229256395840904,90.6106948271068
Kenya,1991,6,24.426521284346382,32.904330863583326,16.996699687750958,60.572165051702804,0.8194935804526106,24.584807413578318
Kenya,1991,7,23.093790859491794,31.225314365632375,16.058831146374956,63.498524240849356,1.6545139914552154,51.289933735111674
Kenya,1991,8,23.517046884328405,32.26478013132654,15.894149851504698,59.866084177564424,1.2461823953779534,38.63165425671656
Kenya,1991,9,24.77556711573688,33.77884702206275,16.95281767036206,53.66515426969075,0.49940310108815616,14.982093032644684
Kenya,1991,10,25.764589828977176,34.73283356876676,17.79832562224431,55.04195602390752,1.2774122921833628,39.59978105768425
Kenya,1991,11,25.46946878310998,33.81086064737046,18.736449654358108,60.10964421311065,1.6751682824558722,50.25504847367617
Kenya,1991,12,24.993420602594792,34.22780779137622,16.703531191281815,58.37052170052448,1.6979899326500187,52.63768791215058
Kenya,1992,1,26.15706960183258,35.55057186308011,17.05184105020309,50.51807098209169,0.27618438819967195,8.56171603418983
Kenya,1992,2,27.36663052744682,36.89991562525543,18.67097052986976,44.511200243708004,0.478789598056161,13.884898343628668
Kenya,1992,3,27.914268861824716,37.292405028202566,18.847294860105244,47.37450660995597,0.5231700807544752,16.218272503388732
Kenya,1992,4,26.34866946737798,36.101641002191386,19.632282286754158,63.175548675235305,4.171302455122231,125.13907365366694
Kenya,1992,5,24.918703206060425,32.82797925630384,18.062074131246693,67.57512148439963,2.4285417602372457,75.28479456735461
Kenya,1992,6,24.108003126910216,32.28724520320918,17.479020852865506,62.97016454727531,1.1054728410465662,33.164185231396985
Kenya,1992,7,23.231425238582634,31.160421763425298,15.934878532631906,60.927680425376764,1.229662371283902,38.119533509800966
Kenya,1992,8,23.19934644260037,31.7654634305152,15.955449947279163,58.87435804214672,1.0886398295416349,33.74783471579068
Kenya,1992,9,24.17296299258938,32.99321150047311,16.91944616784357,58.732619193135,1.1512148444023345,34.53644533207003
Kenya,1992,10,25.158118756273947,33.71674367178674,17.34736934471864,58.311106145156586,1.8185579247278725,56.37529566656405
Kenya,1992,11,24.495363898238782,32.76718547162714,17.08433714802251,65.10601304160622,2.580571101997303,77.4171330599191
Kenya,1992,12,24.313966918676726,32.547900960055465,17.719757115916167,69.74161343960007,3.3033731391123164,102.40456731248182
Kenya,1993,1,23.96723423852717,32.516404280610885,16.595668640788844,67.97810541140039,3.3216484701508495,102.97110257467634
Kenya,1993,2,25.338104286596934,35.08893679845321,16.922357372536215,59.29620936982975,0.9172482843319231,25.682951961293845
Kenya,1993,3,26.289075867224486,35.565424801054895,16.83302995131162,53.81344599193636,1.3691623623541016,42.44403323297715
Kenya,1993,4,26.075658099374586,35.01322845469534,18.764389282938154,60.54224367628435,2.376175903574936,71.28527710724808
Kenya,1993,5,24.667125031745666,32.701790643911565,17.9578698752256,70.30987826007352,4.025476923853907,124.78978463947114
Kenya,1993,6,23.523212150786925,31.290580254318108,16.907630222688255,65.87615247355231,1.4559187770275914,43.67756331082774
Kenya,1993,7,22.839180148544607,30.84061165830766,15.658567138908296,60.72738869807924,0.6652077059128733,20.62143888329907
Kenya,1993,8,23.35759459897404,32.390797897700565,15.445575307764965,58.14789462571867,0.8246491657448859,25.56412413809146
Kenya,1993,9,24.36377480041754,33.85888892873085,16.128129790185213,53.53936632028632,0.46940449602094686,14.082134880628406
Kenya,1993,10,25.28048832173235,34.204248089224116,17.714351950879223,57.207351849265464,1.6378944586506887,50.77472821817135
Kenya,1993,11,25.14424362756664,33.670295510686216,18.301401468633536,64.19761477578389,2.5081915753750783,75.24574726125235
Kenya,1993,12,25.299442542006442,33.939411210330974,17.802198445245814,60.62346863493507,1.2837622742763564,39.79663050256705
Kenya,1994,1,26.387264590956413,35.787016311277924,17.656329309601755,47.77872226014011,0.32299098685639455,10.01272059254823
Kenya,1994,2,27.061470782769756,36.63004559833625,17.85716403349642,44.486979161288275,0.7314283183888002,20.479992914886406
Kenya,1994,3,27.43189837014411,36.583852780981495,18.72345032969267,50.565931983077114,1.5258571642063778,47.30157209039771
Kenya,1994,4,26.1211898496541,35.30763569837103,18.516341422083773,63.19341657619923,3.497237526170826,104.91712578512478
Kenya,1994,5,24.649943064889936,32.4936125092837,18.479637280610156,68.9001907934407,2.8640615857189156,88.78590915728638
Kenya,1994,6,24.01946649328984,32.08862247460819,16.900742769500486,61.835645705923206,1.0799547236910005,32.39864171073002
Kenya,1994,7,23.39330435728482,31.850789844532052,16.246812945765512,61.322918666958536,1.3242916013207193,41.0530396409423
Kenya,1994,8,23.851432007265657,32.41900904600852,16.80611894676382,59.75555949582334,1.230438413468911,38.14359081753624
Kenya,1994,9,24.478923304177943,33.6106575798977,16.545534786924048,58.03021140981385,1.0817394761207704,32.45218428362311
Kenya,1994,10,24.92425158432362,33.856891609580316,17.79234998039331,64.48163028568212,2.9449079802292526,91.29214738710684
Kenya,1994,11,23.69302661115072,31.531415686330327,17.679859841376423,75.885298576528,5.741744181300399,172.25232543901197
Kenya,1994,12,23.544711417581922,32.171688816389974,15.936417714853949,68.02206981920263,2.549608435860281,79.03786151166871
Kenya,1995,1,24.982452763948018,34.412002856696965,15.700655926258761,51.629427564022556,0.32074892959846607,9.943216817552448
Kenya,1995,2,26.33587461327287,36.00484175466291,17.71163647871044,55.09228684548385,1.591323755867007,44.557065164276196
Kenya,1995,3,26.049542028406027,35.540141332941204,17.787094334602862,60.600297326729596,2.9431391707002725,91.23731429170844
Kenya,1995,4,25.81148089201658,34.620031782802215,18.971723239546705,66.085419234233,4.368298778195216,131.0489633458565
Kenya,1995,5,24.467997866357354,32.173085588595285,17.784506458477978,71.32332843556898,2.8415165462962753,88.08701293518453
Kenya,1995,6,23.62564433777782,31.629264350911335,16.764841156185962,63.40551938563248,0.986346272633927,29.59038817901781
Kenya,1995,7,23.5212972019016,31.587411493291796,16.80577983586776,62.14047168792435,1.143583541862059,35.45108979772383
Kenya,1995,8,23.849140217006898,32.066905149255554,16.571654151055117,60.38993972105186,1.0711272873704805,33.204945908484895
Kenya,1995,9,24.82167658883497,33.70372324553882,17.00658595578916,57.60839847991284,1.017947471805468,30.53842415416404
Kenya,1995,10,25.228974708558116,34.28990722331861,18.393525757784914,61.269913434463284,3.2665664658564366,101.26356044154953
Kenya,1995,11,24.1403308142009,32.18233222123556,17.678108730257346,68.84981829975676,2.6342307485080396,79.02692245524119
Kenya,1995,12,24.681154934975936,33.16532511542749,17.251458855743696,64.30276851179248,1.6268120086169668,50.43117226712597
Kenya,1996,1,25.623804132190674,34.5767621714551,17.666905475439926,55.50578573226031,0.7468827781890062,23.15336612385919
Kenya,1996,2,27.07256367623975,36.198092733627966,18.8144203439852,49.40285352145329,0.7963304367355234,23.093582665330178
Kenya,1996,3,26.482077503779486,35.98027616133744,19.12147189964709,60.90137192866784,3.799856715078121,117.79555816742175
Kenya,1996,4,25.412570844511183,33.6670497402815,18.395101439541733,66.23007781004786,2.6185855787989616,78.55756736396884
Kenya,1996,5,24.75190015877938,32.91050549906044,17.721684569895146,68.21624972868257,2.5331368519624315,78.52724241083538
Kenya,1996,6,23.111892790097883,30.7887329051786,16.580379217204452,67.14476706920674,1.7403607904726008,52.21082371417803
Kenya,1996,7,22.682423958583097,30.66577247257096,15.584813030410805,64.06152940019646,1.4301765301558007,44.335472434829825
Kenya,1996,8,23.20555338176541,31.784873412687357,15.545727287426333,60.44076756142521,1.1973111331781707,37.116645128523295
Kenya,1996,9,24.440327488703275,32.96644355325956,16.13896812682664,58.51673324715093,1.0470727829397022,31.412183488191065
Kenya,1996,10,25.121200898216905,33.879068515649664,17.566496079976325,56.62861072639263,0.8168214700671601,25.321465572081962
Kenya,1996,11,24.60108274707412,33.74049654933379,18.170675663920342,66.55557072156013,3.7003387674818304,111.01016302445491
Kenya,1996,12,24.735830031648717,33.84681651480488,16.086533638663816,56.841548537789386,0.6528149628392258,20.237263848016
Kenya,1997,1,26.15870433696783,35.583167321379,17.24366087495318,48.057460148048605,0.22051288893356097,6.83589955694039
Kenya,1997,2,26.64448212415832,36.51993545738665,17.52382760344723,40.32639782116751,0.04328722839366912,1.2120423950227355
Kenya,1997,3,27.43376638346291,36.92382945124517,18.278941448123103,50.67924536468032,2.0191602516556926,62.59396780132647
Kenya,1997,4,24.504989550051192,33.7449337695575,18.98894338618367,74.92780860679079,6.714722162741018,201.44166488223055
Kenya,1997,5,23.629620569420744,31.5310849512163,16.492401311472,71.86340558980584,2.126294077822177,65.91511641248748
Kenya,1997,6,23.93651597910592,31.615248901906423,17.677125200388875,67.48332887187526,1.3965080932538485,41.89524279761545
Kenya,1997,7,23.068790158447865,31.26730081772919,16.208736017729734,65.12491351216615,1.3495474493446686,41.83597092968473
Kenya,1997,8,23.857608408540116,32.34265045092939,16.22082081334537,59.67466897641497,0.8140275686769207,25.234854628984543
Kenya,1997,9,25.379432325682167,34.5320721401711,17.287564308611202,53.35156529763435,0.32269153692138625,9.680746107641587
Kenya,1997,10,24.095969941587086,33.29834390942536,18.171927132823615,72.32971883341489,7.569198491222402,234.64515322789447
Kenya,1997,11,23.091435854578247,30.139708592874687,18.0495727874981,83.39196204610127,8.752110894273255,262.56332682819766
Kenya,1997,12,23.024292840225122,29.417518320511114,17.757647554144036,82.35373662883762,4.507733968861566,139.73975303470854
Kenya,1998,1,23.347489248576768,30.53419962767433,17.455868636374475,81.3166094424974,5.4790807920775295,169.85150455440342
Kenya,1998,2,24.521335510272678,32.58807524055389,16.75726761858581,73.00972620583643,2.148495311685232,60.1578687271865
Kenya,1998,3,25.904393637783496,34.53567610794518,18.44587047324169,68.05310353841664,1.314623319918097,40.753322917461006
Kenya,1998,4,26.027513723227468,34.43640929988126,19.836397543283404,72.41561351088349,3.4813740912333744,104.44122273700123
Kenya,1998,5,24.317848926493735,31.91297171179459,17.565231820647963,74.21210832801506,3.5349484510020823,109.58340198106455
Kenya,1998,6,23.50847694404625,31.609693599656808,16.322705904896875,69.26711957213807,1.683013330343753,50.49039991031259
Kenya,1998,7,22.78959581379581,30.308449792822064,16.09687411102175,66.9589448409644,1.241236097993487,38.4783190377981
Kenya,1998,8,23.510627751938003,31.752509588087847,16.564876885043624,62.88434619090839,0.8619199129558208,26.719517301630447
Kenya,1998,9,24.917482315536308,33.23639844786949,17.384004375573006,57.16898865436793,0.49177958357180734,14.75338750715422
Kenya,1998,10,25.635514048390032,34.06501461061928,17.756031097703264,54.89900784636519,0.818962409676527,25.387834699972338
Kenya,1998,11,24.869837795928408,33.68006532709875,17.59374668789464,62.85031341156094,2.285266976025783,68.55800928077349
Kenya,1998,12,25.92286173355004,34.61690443366458,17.97427557963726,52.82419845641331,0.4704448956711277,14.583791765804959
Kenya,1999,1,26.49079037623746,35.58660002105067,17.404322071954137,47.1225752268264,0.3255442611193549,10.091872094700003
Kenya,1999,2,27.12290218606769,37.16794088272357,16.686166278451484,43.70274210974596,0.20321412645781298,5.689995540818764
Kenya,1999,3,26.591827763518808,36.59317879196636,18.135045027124786,59.041172140851046,3.545082278075156,109.89755062032984
Kenya,1999,4,25.868405574083997,34.506052183931274,19.23392471464562,64.12843228160112,2.8438595471683787,85.31578641505136
Kenya,1999,5,24.7767078292896,32.576853298509405,18.24032849743031,65.81338958241358,1.4796896941141662,45.870380517539154
Kenya,1999,6,24.066268426066358,32.52089266934969,16.920609748177935,60.43530354332693,0.8030353164839027,24.09105949451708
Kenya,1999,7,23.339371643969958,31.573756084543575,16.327573000936475,60.725080101429555,1.0229963560089987,31.71288703627896
Kenya,1999,8,23.98551693673478,32.64777070673037,17.009317735309896,58.320135759745405,0.8439722702307744,26.163140377154004
Kenya,1999,9,25.131915288973225,34.10451868109381,17.14774972547507,53.84405427872547,0.5834330761251023,17.50299228375307
Kenya,1999,10,25.368804884930196,34.42861148156966,17.075449310436856,54.7766667630747,1.1947532298529306,37.03735012544085
Kenya,1999,11,24.863482436295214,34.2146695128253,18.049495626632133,65.15451981620585,3.7085389794834787,111.25616938450436
Kenya,1999,12,24.596680578997674,33.22792397169833,17.46061587852726,64.52973166406404,1.6102331294118346,49.917227011766876
Kenya,2000,1,25.850937158056073,35.459175249172816,15.973286582562825,47.027536092704,0.19817601368049217,6.143456424095257
Kenya,2000,2,26.82897866136064,37.32610434102908,16.944111425786772,40.32423948564074,0.09699104134740613,2.812740199074778
Kenya,2000,3,27.92995747415721,37.13615571312216,19.339177255460235,46.80713548621304,0.5192751389280121,16.097529306768376
Kenya,2000,4,26.78622363325559,35.74951481953671,19.52717487632185,56.94786942201876,1.425709903080132,42.771297092403955
Kenya,2000,5,25.594164406039496,34.15512547905168,17.899831738659486,59.84872691750936,1.178104853491023,36.521250458221715
Kenya,2000,6,24.30517631882573,32.92786906518093,17.318883196303567,59.31158131746014,0.7353735301816569,22.061205905449704
Kenya,2000,7,23.72144646237439,31.989860815894737,16.962323837355093,58.106547991915235,0.76397304553824,23.68316441168544
Kenya,2000,8,23.67878988388224,32.32075136054955,16.618650426874193,59.3794451633385,1.380701834814801,42.80175687925883
Kenya,2000,9,24.63185336102202,33.205314545245415,16.895735283595435,56.30900628583535,1.0855940569601403,32.56782170880421
Kenya,2000,10,25.360902409484186,34.282155972990275,17.735660107777356,58.06867613751879,1.5759828208776436,48.855467447206955
Kenya,2000,11,25.242355052511773,33.79190545379649,18.36135008856387,63.89101077605625,2.623105355648475,78.69316066945424
Kenya,2000,12,25.59492458303252,34.299235240062515,17.3884173919493,57.7524675949212,1.514836375537344,46.959927641657664
Kenya,2001,1,25.77143742968056,34.90256101574998,17.652665125972707,53.80631608550918,2.078304162740968,64.42742904497001
Kenya,2001,2,26.950629124108012,36.45458631535121,16.938034910176647,48.1270223359298,0.42900146600664063,12.012041048185937
Kenya,2001,3,26.887711127903426,36.68439217052992,18.15170391360393,53.1876985175257,2.4258775450994556,75.20220389808313
Kenya,2001,4,25.709506923145835,34.16023845079998,19.33806469846897,67.31348456181261,3.6078609519816554,108.23582855944966
Kenya,2001,5,25.34940488890217,33.569755721879005,18.331365134263233,65.96160774562016,2.108027905910984,65.3488650832405
Kenya,2001,6,23.768620033456624,31.73549417478793,16.924661345978386,64.75617554840893,1.4115141318730637,42.345423956191915
Kenya,2001,7,23.091259963875107,31.096121539049957,16.465274570916797,62.494317182995125,0.9990319668968264,30.969990973801618
Kenya,2001,8,23.784313183390555,32.759651773737424,16.109485772487567,58.77769649060642,0.9703090028510238,30.079579088381738
Kenya,2001,9,25.134435028540114,33.88323870445556,17.531896965554946,55.3622539770831,0.7490553278607273,22.471659835821818
Kenya,2001,10,25.83665280245229,34.632134832623784,18.59378551635215,55.79532997027174,1.3842446343663393,42.91158366535652
Kenya,2001,11,24.284147331194475,32.34080660699835,18.008400548956264,70.50064540245671,4.336482273868424,130.09446821605272
Kenya,2001,12,25.176413270706593,33.63339252651167,18.01276697780513,62.32667471614547,1.213126309458966,37.606915593227946
Kenya,2002,1,25.792824615341644,35.165604567805666,17.250536379455962,53.18590038276666,0.921262864160566,28.559148788977545
Kenya,2002,2,26.652789702834028,36.48241782162901,16.703649344941027,43.99999049716631,0.360062182988103,10.081741123666884
Kenya,2002,3,27.048402782968136,36.29568406005893,19.758781462821677,58.05466343314823,2.508675960560418,77.76895477737295
Kenya,2002,4,25.527190046930823,34.991612713633344,19.432594759876455,69.08876480428138,5.284151333782335,158.52454001347004
Kenya,2002,5,24.18822908785404,32.025518712196835,17.714214369769493,71.51927038520755,2.560227487398481,79.36705210935291
Kenya,2002,6,23.764261149927997,32.240415344186104,17.03825355858037,64.11282900250124,0.8569333052135846,25.70799915640754
Kenya,2002,7,23.645617803733895,31.923595405966864,15.98333043917749,60.93184305419698,0.8313403375877233,25.771550465219423
Kenya,2002,8,23.98770269846124,32.34210152157343,17.069171297467058,59.302287671021006,0.9349954786750856,28.984859838927655
Kenya,2002,9,25.09394941314714,34.65178293252459,17.19603870239988,56.468229014750605,0.9956198553509973,29.86859566052992
Kenya,2002,10,25.345702898394176,34.00901526211478,18.465346703643803,61.71633437907007,3.2571839173935886,100.97270143920124
Kenya,2002,11,24.840832420042886,33.58077283486569,18.09471959721204,68.19188695610406,2.9108903810787017,87.32671143236105
Kenya,2002,12,24.815864175802282,33.131594656872934,18.407771790261403,70.4703884110204,3.568619392216649,110.62720115871612
Kenya,2003,1,25.518846249751128,35.476061252497864,15.51067161862455,54.326433015497905,0.45028070058783703,13.958701718222947
Kenya,2003,2,27.360496456829253,36.93490400826553,17.56991428985471,46.09303783230574,0.3135317488135503,8.778888966779409
Kenya,2003,3,27.81048516517977,37.29691961553745,18.953975409774117,50.71997775153527,1.4496533230906743,44.939253015810905
Kenya,2003,4,25.93800761026592,36.36935512612397,19.079683268114117,65.07051901210448,5.326681260504127,159.80043781512381
Kenya,2003,5,24.310005522384863,32.06423875378675,18.662773672613895,74.54492036087817,3.2529299470249886,100.84082835777464
Kenya,2003,6,23.611331356663438,31.342851944629754,17.229749226383216,68.24627810755662,1.2499468294672436,37.498404884017305
Kenya,2003,7,23.386294548052284,31.407765795101387,16.455882704242367,62.86945039601698,0.8349580621757926,25.88369992744957
Kenya,2003,8,23.637099936205125,32.170192113871366,15.934013170059897,61.19493636423414,1.3263659863938173,41.11734557820834
Kenya,2003,9,25.218518450999085,33.899440277043844,17.585996705808224,56.37240496375292,0.6596108535313413,19.78832560594024
Kenya,2003,10,25.948827957803143,34.846234349072326,18.630218614853778,57.995155515625214,1.9108986786351123,59.23785903768848
Kenya,2003,11,24.871817920223133,33.0089437902167,18.64470133567524,69.37031599470811,3.1983830802042146,95.95149240612643
Kenya,2003,12,24.488015632907345,33.45981691169808,15.55456115371954,61.39931731754432,1.7391012085607531,53.912137465383346
Kenya,2004,1,26.301459191957694,35.59460241388697,18.566668575984675,59.48586705972072,1.5052838479234185,46.66379928562598
Kenya,2004,2,27.16065153838617,36.014968363170055,18.55618208087646,51.18961244800049,0.8575862002397991,24.869999806954176
Kenya,2004,3,27.50314700063836,37.07524892862315,18.27813080541809,50.118397143760895,1.1629202988379133,36.050529263975314
Kenya,2004,4,25.597347022587407,34.01143347857542,19.49361622968795,68.23896739515438,4.357136283716713,130.7140885115014
Kenya,2004,5,25.137497023544913,33.311367740632484,17.892981122763732,63.04460070255376,1.2835371218828449,39.78965077836819
Kenya,2004,6,23.91628267345795,31.9517986908745,16.815561382405026,60.573713086032164,0.7751094454589221,23.253283363767665
Kenya,2004,7,23.729477916421367,32.17745402640878,16.146026627921533,56.936713380437325,0.6214164245736682,19.263909161783715
Kenya,2004,8,24.27495483638727,32.698095918766775,16.948727658408107,55.855923159666354,0.8222599371986117,25.49005805315696
Kenya,2004,9,25.524380684918196,34.3819126516292,17.691889949318448,53.41485068377611,0.791503709146466,23.745111274393977
Kenya,2004,10,25.641362433624305,35.120505730811374,18.392784679248923,60.087591484035336,2.155545633941541,66.82191465218777
Kenya,2004,11,24.80745413364427,33.20183267133101,17.947233298671822,68.69912609673445,3.4698220346095243,104.09466103828574
Kenya,2004,12,25.149547483965435,34.05821901391018,17.40572635307951,62.722608040891046,1.8578976252468333,57.59482638265183
Kenya,2005,1,25.87946268659606,35.77979832294106,14.719257467565486,50.948286754056426,0.8388533647594206,26.00445430754204
Kenya,2005,2,27.17771777815363,37.99040570656365,16.93224986782352,45.98167607234743,0.27093219625010284,7.58610149500288
Kenya,2005,3,28.04623389730261,37.47190472954292,19.699869711697136,51.332773601879424,1.1940932530994954,37.01689084608436
Kenya,2005,4,26.875324283031407,37.48405347847882,19.26127503815662,60.50816714173345,2.9224514938623645,87.67354481587094
Kenya,2005,5,24.914240451163817,33.878423521698494,18.813520247957673,69.55184973344882,3.714784695979641,115.15832557536886
Kenya,2005,6,24.036047743146778,31.952576677696754,17.68834556616637,65.00254602341846,0.7038346402299692,21.115039206899077
Kenya,2005,7,23.581189638808283,31.814025814329213,16.369737460693024,61.97593211900765,0.9450390788147788,29.29621144325814
Kenya,2005,8,24.13368021647307,32.88530190810665,16.240147693366474,58.682312150211224,0.9316188342376597,28.88018386136745
Kenya,2005,9,25.159079725239632,34.47501479402752,17.56482728030948,55.929635753490224,0.7644451385542176,22.933354156626528
Kenya,2005,10,25.93639748130543,34.952000875522266,18.27049507966585,54.6540775171563,1.1288558921695933,34.99453265725739
Kenya,2005,11,25.584151914307597,34.20176663138654,18.114921530864283,61.553339087123774,1.7318539119009988,51.955617357029965
Kenya,2005,12,26.152195697075527,35.50316666803679,17.089120925826773,47.59283109276874,0.20982017566319944,6.504425445559183
Kenya,2006,1,26.888764037195905,36.87583229411302,18.31903170051145,48.361752377511834,0.47320058421388705,14.6692181106305
Kenya,2006,2,27.836430514401968,37.514114723643424,19.100068035217568,46.8247522773041,0.8340351489074279,23.352984169407982
Kenya,2006,3,27.164253376200367,36.349393118114314,19.24279943724809,54.68738317431927,1.8819915779161704,58.34173891540129
Kenya,2006,4,24.81324103708372,33.52582956487606,18.801599864672365,72.69213554605244,5.273005695700349,158.19017087101048
Kenya,2006,5,24.704824813333516,32.68321142099557,17.9067756076138,70.25673841434305,2.4200238772623055,75.02074019513147
Kenya,2006,6,24.182486658498615,32.36529657952554,16.807754830815032,63.18466117564622,0.8656332262805836,25.968996788417506
Kenya,2006,7,23.5439454724133,31.735008848253987,17.045994505362124,62.02503439504946,0.8872588629883473,27.505024752638768
Kenya,2006,8,23.92891428688199,33.102230448000704,16.44352272580552,61.459746038477306,1.4802293272955562,45.887109146162246
Kenya,2006,9,24.838611867956715,34.05632520013054,17.130895746066237,57.333856663676194,1.2959711265858163,38.87913379757449
Kenya,2006,10,25.221259853829753,34.33861071811521,18.295135903190477,63.51108158639329,3.719808758605356,115.31407151676603
Kenya,2006,11,23.938724964721903,32.19648721957971,18.341839713180402,76.41640179824935,6.510814099440286,195.3244229832086
Kenya,2006,12,23.735299634774258,31.24703993170715,17.85502297660401,76.26287910958109,4.152340124865171,128.72254387082032
Kenya,2007,1,24.49963319514707,33.54966078124653,15.954853696908472,64.72753375361991,0.8891256634886728,27.562895568148857
Kenya,2007,2,26.299668751178412,36.31807570763746,17.729615818227707,56.41202104129211,1.0138213089677135,28.386996651095977
Kenya,2007,3,26.997924466903918,35.99391174228406,18.402950736064312,55.52764868948278,1.1460911854445688,35.52882674878163
Kenya,2007,4,26.355400238961483,35.73630974502985,19.69166947961603,63.53439396996616,3.2426334125142304,97.27900237542691
Kenya,2007,5,25.140449458831498,33.31278582963612,18.655583813534044,68.76003298317778,3.1665263975294655,98.16231832341343
Kenya,2007,6,23.750206574363652,31.85612173376655,17.15635240010541,65.95286086877913,1.3698797024237601,41.096391072712805
Kenya,2007,7,23.475300243475125,32.14760054831757,17.053273566355852,63.995738103318665,1.3697160717827153,42.46119822526417
Kenya,2007,8,23.956881993613955,32.41764008934035,17.128447802832042,64.09158305696133,1.706199783841535,52.89219329908759
Kenya,2007,9,24.90090972660065,34.00903437878547,17.701936533779854,60.64918131954609,1.7054166512609565,51.162499537828694
Kenya,2007,10,25.163921036629198,33.66777257721369,18.30864230087144,62.639133432723746,2.3677068454201358,73.39891220802421
Kenya,2007,11,24.978539617604795,33.47584655735758,17.952180161309624,65.80623155248264,2.225860823910884,66.77582471732651
Kenya,2007,12,24.961081539931833,34.30173701170802,16.115438408508833,57.44810624607399,1.3287038203059025,41.189818429482976
Kenya,2008,1,25.42730469442457,35.18289790562215,17.481722137219755,55.78783515570191,1.2254289351424623,37.988296989416334
Kenya,2008,2,26.391324880067717,36.03303481201848,17.386183777541696,46.23110334439748,0.3782997811066107,10.970693652091711
Kenya,2008,3,26.982812569369056,36.293260979283055,19.182211725622338,54.943879296331076,2.089992506326853,64.78976769613244
Kenya,2008,4,25.34111977046555,34.32530536301344,18.877100717579204,65.79054334458924,3.7087214848342174,111.26164454502653
Kenya,2008,5,25.009257003764063,33.25583328686008,18.61390884060437,64.99394565141979,1.4832932537094132,45.98209086499181
Kenya,2008,6,23.678023574424195,32.07774037547286,16.710399644443243,62.88651940723693,1.0179482216005509,30.538446648016524
Kenya,2008,7,23.479034373134677,31.769835137792267,16.644408872972885,61.98984388385526,0.8858787888413249,27.46224245408107
Kenya,2008,8,24.44448490290042,32.81944832167418,17.619084049423456,58.89904275702225,0.9063459464352899,28.096724339493985
Kenya,2008,9,25.78096663632517,34.948520963566864,17.452071922581297,54.72654356325981,0.9032959405009066,27.098878215027195
Kenya,2008,10,26.022106133100277,34.92496344324956,19.002784623401975,59.6870982062072,2.319716411585013,71.9112087591354
Kenya,2008,11,24.645390648035796,34.12967999600524,16.517698361260663,66.77574618634911,3.5104997091634904,105.31499127490471
Kenya,2008,12,25.793867229253006,34.597588856605036,16.548891448322056,52.1642807086892,0.2978007546538643,9.231823394269794
Kenya,2009,1,26.071217606543687,35.26116872762007,17.290968349781668,50.980272366012045,0.9680720465739415,30.01023344379219
Kenya,2009,2,27.131388429734233,36.38374443712419,18.629207565604172,48.906620949087866,0.40924462311366355,11.45884944718258
Kenya,2009,3,28.215570633941535,37.517496728651786,19.7643400749875,47.60340228255011,0.6130716099809972,19.00521990941091
Kenya,2009,4,26.214234852818603,35.10390845200893,19.781408696202238,63.96693088940411,2.6122233909664625,78.36670172899387
Kenya,2009,5,25.643418190649594,34.404194527354996,18.79081637880871,62.76806119627185,1.8694114323467932,57.95175440275059
Kenya,2009,6,25.26234300821239,33.63947027024771,18.040272251266433,59.36485470307611,0.770956173624013,23.12868520872039
Kenya,2009,7,24.205364778906176,32.779456414925946,16.977406180072723,56.80772420907546,0.5312271278218555,16.468040962477524
Kenya,2009,8,24.764765684719045,33.25897468175341,17.50121753980855,55.71519682263511,0.5196099937158976,16.107909805192826
Kenya,2009,9,26.07992274534364,34.95979844791522,18.243634177369476,51.93696711689182,0.5352850310186865,16.058550930560596
Kenya,2009,10,25.23157694891537,34.94196394363448,18.57687385681169,63.89839776772963,3.810487542932797,118.12511383091672
Kenya,2009,11,25.529327572229132,34.047175184408346,18.23506525088057,62.39079804929911,1.266541919818179,37.99625759454537
Kenya,2009,12,25.26744389772443,34.14720692224019,18.412301860918138,65.20732357133345,3.3468713428061028,103.75301162698919
Kenya,2010,1,25.47164624515183,34.86562359179061,16.92605616494723,56.4704533241687,1.1940350215052251,37.01508566666198
Kenya,2010,2,27.053320174530217,36.305811198155126,19.161183388069027,55.27601068265449,1.5593480759991873,43.661746127977246
Kenya,2010,3,25.999476067677676,35.41735569968696,19.185000645051247,66.16170848142983,3.5994822960762307,111.58395117836315
Kenya,2010,4,25.418480674736934,33.87868108878212,19.569223197159246,72.48133693023271,4.2997252475881185,128.99175742764356
Kenya,2010,5,24.946527307045766,32.68640297568091,18.758329446244694,71.09029081211963,3.1144093397919383,96.5466895335501
Kenya,2010,6,24.346653374761534,32.284278462200994,17.876991745184363,65.80651018574987,1.071838115182494,32.15514345547482
Kenya,2010,7,23.42089264504244,31.623395853980085,17.10812345491324,63.18271714657637,1.199744881486342,37.19209132607661
Kenya,2010,8,23.957945371415473,32.1346863249568,17.01911594140147,60.42232031111663,0.9869304510720076,30.594843983232234
Kenya,2010,9,24.951159395316115,33.38576877933581,17.152954109655944,56.578820678058605,1.0304264391718745,30.912793175156235
Kenya,2010,10,26.00308824446574,34.9707055452225,18.19788355981564,56.68212806186256,1.321738448308043,40.973891897549336
Kenya,2010,11,25.66248079238274,33.78439575921261,18.759903087833802,61.49311872393072,1.8048602016437842,54.14580604931353
Kenya,2010,12,25.894229267036348,34.687324548775365,17.28651836897309,52.11556716788311,0.8308025209263284,25.75487814871618
Kenya,2011,1,26.372981951125176,36.07946059078001,17.24791833413027,46.64367483708621,0.27860496532148293,8.636753924965971
Kenya,2011,2,27.01835320084842,36.8182796164122,17.209740995308163,43.795257042110755,0.5961183500997683,16.691313802793513
Kenya,2011,3,27.482235810120617,36.67243139594461,19.2464071156828,50.67041103151366,1.5489860881373392,48.01856873225751
Kenya,2011,4,26.83199939545315,35.68069751894355,19.88184088751409,59.28968813928903,2.0564994504432668,61.694983513298006
Kenya,2011,5,25.599699359493695,33.537309320229596,19.07687431697214,64.186244685184,2.0113409420557735,62.35156920372898
Kenya,2011,6,24.887282782852388,33.04775349885307,18.415025122622534,61.483442812908,1.061326181201379,31.83978543604137
Kenya,2011,7,24.444314212637686,32.5865168302554,17.006744476630313,59.143275672928986,0.9412643110828275,29.17919364356765
Kenya,2011,8,24.276950217273775,32.70887101102507,17.664940462466742,59.771057798389144,1.3929262344625943,43.180713268340426
Kenya,2011,9,25.409010706055966,34.578043232613666,18.39963851804904,57.74489201687933,1.1323010885248441,33.96903265574532
Kenya,2011,10,24.88597227811872,34.84459610946356,18.296092924101853,67.25230343664546,4.456616405651998,138.15510857521193
Kenya,2011,11,23.67515290432973,31.74916641777799,17.62594939214854,77.22126865209894,5.874525495149434,176.23576485448302
Kenya,2011,12,23.941122549434052,33.00681430383081,16.322449731293567,68.69279928312879,1.13874657993746,35.30114397806126
Kenya,2012,1,25.117896489489702,34.681699092546125,14.684647514163089,51.383579970975184,0.11716883697816169,3.632233946323012
Kenya,2012,2,26.67778845124585,36.311234125479096,16.791780591345184,47.238930682431004,0.24822802250907597,7.198612652763203
Kenya,2012,3,27.671199139299603,37.030521342216105,18.354301124715892,46.87994042851913,0.3538757276076135,10.970147555836018
Kenya,2012,4,25.465109152535803,35.05822932047546,19.034567191252343,65.86315449694017,4.644398786984183,139.3319636095255
Kenya,2012,5,24.6813196672872,32.33689655606844,18.252518297968358,69.49381802108236,2.990324303937075,92.70005342204932
Kenya,2012,6,23.918934833100842,32.267611271915264,17.089815377425076,65.02220453509112,1.4826015605312675,44.47804681593802
Kenya,2012,7,23.450148828828656,31.222455291413116,17.221131973138505,63.36724313250034,0.9576299107417404,29.686527232993953
Kenya,2012,8,23.980620032986558,32.480404911872,16.582897483058556,61.86717968386128,2.027448270112848,62.85089637349828
Kenya,2012,9,25.19813444393366,34.08391784583527,17.53454174053122,56.79019710242824,1.098381807391932,32.95145422175796
Kenya,2012,10,25.631398244603073,34.496594848632995,18.177950850998727,60.60433331234354,2.0453676261491154,63.40639641062258
Kenya,2012,11,25.429169153603286,33.93528589989205,18.609458330706172,66.4891133374752,3.6172760152552734,108.51828045765821
Kenya,2012,12,25.362780074785235,33.92339229175371,17.978855590302164,65.34399207792181,2.822812841959731,87.50719810075167
Kenya,2013,1,26.19545925918782,35.56066394772908,17.53095221821498,55.98556150519844,0.6247840811223232,19.368306514792017
Kenya,2013,2,27.524397562999823,36.831581517070305,18.661217676672575,47.72378521338056,0.09737603731853237,2.726529044918906
Kenya,2013,3,27.224855259107233,36.79816157925284,19.990213248878373,58.28997034017758,2.8283986825116356,87.6803591578607
Kenya,2013,4,24.549430760164853,32.41559438177871,19.17423176980653,76.14550515017278,5.602600183684072,168.07800551052216
Kenya,2013,5,24.11708777330929,32.11430985661547,17.387639828392036,70.5926139235547,2.1464201189501195,66.5390236874537
Kenya,2013,6,23.524539272308928,31.202864350890543,17.118971451502734,65.79333467972772,0.7792091406539265,23.376274219617798
Kenya,2013,7,23.358129372735057,31.594278581972567,16.52150828520053,62.777343748181615,1.1213680148862213,34.76240846147286
Kenya,2013,8,23.7360535627937,32.08685483503595,16.804769767160966,61.50474074954194,1.1512049220178389,35.687352582553004
Kenya,2013,9,25.406771167941553,34.99697027941676,17.61435871394538,56.526867024628686,1.2498715110534755,37.49614533160427
Kenya,2013,10,25.9211079700594,34.646515577669696,18.431814489797016,57.188378074940005,1.2267037504877378,38.027816265119874
Kenya,2013,11,25.04734979658857,33.8453481685877,18.37162630495459,66.49361523990922,2.85811956126921,85.7435868380763
Kenya,2013,12,25.215324394404952,34.06230800022662,17.592416023791817,59.64003017419809,2.0362057659306134,63.12237874384902
Kenya,2014,1,26.592141943610393,35.575086707452044,17.816125212086455,48.092286941156416,0.11859619086514607,3.676481916819528
Kenya,2014,2,27.294880929810642,36.377364955942376,19.263788086819346,50.210695052573875,0.8481697292937209,23.748752420224186
Kenya,2014,3,27.10661199747906,36.500522356559465,19.38478201199035,56.543929680141616,1.696585756331767,52.59415844628478
Kenya,2014,4,26.27228921401015,35.52604354290012,19.245321638242764,63.11029662023397,2.5368813815678286,76.10644144703485
Kenya,2014,5,25.17523434531383,34.05843431950652,17.83097072396025,66.59582608650477,2.691185143677201,83.42673945399324
Kenya,2014,6,24.481856419023003,32.93589037226564,17.29310939005624,63.73685169824721,1.139746874114463,34.19240622343389
Kenya,2014,7,24.082187402480443,32.453179046729,17.179723437341035,61.20333879911335,0.8771885566146442,27.19284525505397
Kenya,2014,8,24.359393394074594,33.56525073518516,16.99288155140344,60.48326340855469,1.3202893731374303,40.92897056726034
Kenya,2014,9,25.026677792084737,34.04919943086903,17.703322957949432,57.29721366532645,0.8920722870144392,26.762168610433175
Kenya,2014,10,25.843039033959176,34.843294241158446,18.825208331580146,60.151220620271076,2.1489469359386413,66.61735501409788
Kenya,2014,11,25.136641330077794,33.81719159849296,18.548391041997476,67.55865285899134,3.0725258319881417,92.17577495964424
Kenya,2014,12,25.310975647120696,34.16219414993163,17.22592153295404,59.26240521918817,1.8134074240562499,56.215630145743745
Kenya,2015,1,25.648897557706857,35.64966653096349,15.455029610147742,44.25802919243466,0.33936804854422326,10.520409504870921
Kenya,2015,2,27.872170807649624,37.29666965459162,19.090143806130094,45.801378942675285,0.29520008392880603,8.265602350006569
Kenya,2015,3,27.525547206204603,37.31291474257858,18.669291782014234,48.40847186638985,0.9499718326696615,29.449126812759506
Kenya,2015,4,25.888930072683113,35.10134932338968,19.34541504066492,66.73398626399249,3.7814531883708447,113.44359565112534
Kenya,2015,5,25.19644386467257,33.14189331738453,18.74844274659155,68.1043583868891,2.674876633272389,82.92117563144406
Kenya,2015,6,24.66030634044654,32.549015060234304,17.747619503562635,63.14248397110361,1.2087288068594888,36.26186420578466
Kenya,2015,7,24.24152478132907,32.54672772576247,16.912176230708017,61.33202583448188,0.8991225210541061,27.872798152677287
Kenya,2015,8,24.631061637619787,33.07146661140407,16.929387108227758,58.29543659058063,0.6277083849044848,19.45895993203903
Kenya,2015,9,25.999426582280975,35.34048879986441,17.515852821672983,52.4518925180936,0.42223399477380436,12.667019843214131
Kenya,2015,10,26.617207316755458,35.38481737627536,19.570963717067695,58.354359521912414,1.9509725380271938,60.48014867884301
Kenya,2015,11,25.23129403595257,33.68860614087414,18.958252824564543,69.79708501132049,4.574153805251321,137.22461415753963
Kenya,2015,12,25.64551414205249,34.437150885054486,17.929561399014794,63.88823361981292,2.2911717843461146,71.02632531472955
Kenya,2016,1,26.917474043482265,35.55886074245038,19.263501346025535,54.73866329669131,1.0176727054356023,31.547853868503672
Kenya,2016,2,27.41452317239248,36.8500248612154,18.216418244538463,47.40363904996826,0.4955824647227838,14.37189147696073
Kenya,2016,3,28.864601357109883,38.26917930577693,20.67919164642888,51.802889048460706,0.7692681769862367,23.847313486573338
Kenya,2016,4,26.810983237465095,36.33509655847605,20.13800023134168,64.94424318311633,4.420378154249828,132.61134462749484
Kenya,2016,5,24.94619609041397,33.01687413168669,18.142432242970198,65.69390248826333,2.0308829761415796,62.95737226038897
Kenya,2016,6,24.381675537184833,32.82135202662576,17.534245081578863,61.769792681351376,1.0303754099839226,30.91126229951768
Kenya,2016,7,23.83891011424298,32.15484374970032,16.72336902268621,59.58876926073108,0.7711132601637511,23.904511065076285
Kenya,2016,8,24.191308920904515,32.75083162663008,16.679170298874762,57.69900627313858,0.7472885483870312,23.165944999997965
Kenya,2016,9,25.040669084158026,33.85279925458299,17.292766807505554,54.4968212177305,0.6339242713414732,19.017728140244195
Kenya,2016,10,26.38240832162581,35.45749835981422,18.423931541874364,52.96650676691006,0.5881446549485466,18.232484303404945
Kenya,2016,11,25.545499235423197,34.41802007035701,18.633170746305968,63.18328899515426,2.900487097561244,87.01461292683732
Kenya,2016,12,25.836985529284966,34.794558341358176,17.555186255060836,57.10868897929805,0.7342356002265503,22.76130360702306
Kenya,2017,1,26.375825712786828,36.16227283895191,16.781993878473862,43.65266972481268,0.2985612628618119,9.255399148716169
Kenya,2017,2,27.458977420338368,36.51127088298163,19.109354143391897,50.517138979448944,0.784003498195521,21.952097949474588
Kenya,2017,3,28.56883356473191,38.0141012711449,20.1488766219983,47.88110901149296,0.6168212406661597,19.121458460650953
Kenya,2017,4,27.15211977952323,37.00380171752645,19.811606466891828,58.384249375912184,2.647835604848299,79.43506814544898
Kenya,2017,5,25.215822051565883,33.30438794252553,18.631166348001695,67.91800605840452,3.1833387339492454,98.68350075242661
Kenya,2017,6,24.990462252535856,32.87106784744273,18.151003252351053,62.18248926548651,0.8827207000558164,26.48162100167449
Kenya,2017,7,24.290939969354067,32.2774213829284,17.542181284340792,60.69185555668001,1.2221898352267884,37.88788489203044
Kenya,2017,8,24.78066541936205,33.35734007498565,17.911444328774426,59.164734323241845,1.1719834263099476,36.33148621560837
Kenya,2017,9,25.456165667892783,34.378855873970394,18.04625734837213,56.85169307247329,1.3955663634156492,41.866990902469475
Kenya,2017,10,26.099736378872663,35.4833482442277,18.356971894786327,59.249828174856596,2.6683240279121714,82.7180448652773
Kenya,2017,11,24.864075430322494,33.27223654243973,17.796704402348734,68.1675796789839,3.5708597402517,107.125792207551
Kenya,2017,12,25.587937560102628,34.82809519167108,16.889906995889888,52.23484796394338,0.5250087816299807,16.2752722305294
Kenya,2018,1,26.28217210171755,35.749146447314864,16.873413227716625,44.49924735912611,0.14350810028646083,4.448751108880286
Kenya,2018,2,27.45909514531905,37.1344245101821,17.209991055932534,47.891882900824704,0.40092096283499995,11.225786959379999
Kenya,2018,3,25.501197677557062,34.85025780336592,18.521358231408346,66.62917900659318,4.689767280513873,145.38278569593007
Kenya,2018,4,23.996520034482288,33.35279160700496,18.859549336058837,77.86680094317042,8.306576371283569,249.19729113850707
Kenya,2018,5,23.619350366605087,31.00927704184076,17.60745970064201,77.32476322148109,4.447077530407219,137.85940344262377
Kenya,2018,6,22.990467447544596,30.49339166285134,16.452544164721104,72.04701910732253,1.8040031942029908,54.120095826089724
Kenya,2018,7,22.86094239490028,31.292026563975927,16.359348171575903,66.9539616559487,1.034020053111466,32.054621646455445
Kenya,2018,8,23.792037102726248,31.868606082212786,16.674273200884883,61.114410903362604,0.797716909661459,24.72922419950523
Kenya,2018,9,25.353210992952754,33.80395345400219,17.692021222197095,56.92181909901667,0.7332067199251658,21.996201597754975
Kenya,2018,10,25.572855661718254,34.42498327817061,18.009420925407277,60.07669662843576,2.0602954523867836,63.86915902399029
Kenya,2018,11,26.064407003109448,34.458504846101626,18.911559283732128,61.90357683263881,1.6362333538061558,49.087000614184674
Kenya,2018,12,25.819846271054235,34.42768299008121,18.348505607394408,61.405719389889484,2.007614781552924,62.23605822814064
Kenya,2019,1,26.691325692348684,35.94485142099711,18.31059573152642,49.70668257130345,0.42683939375366065,13.23202120636348
Kenya,2019,2,28.018257695187316,37.49264502205605,19.55957255222014,47.927350707333225,0.2558599395508178,7.164078307422899
Kenya,2019,3,28.707930287459035,38.10620589154969,20.378052174225978,47.25062565565762,0.5794704516445406,17.96358400098076
Kenya,2019,4,27.83542869186922,37.25959062458759,20.663401651226852,57.588087384911184,1.8768981567356455,56.306944702069366
Kenya,2019,5,25.67639819112731,34.54200850584074,18.890390466428755,66.33690921143149,3.5868800293770686,111.19328091068913
Kenya,2019,6,24.550008931422294,32.58651804279958,18.198010964067322,64.93391101192101,1.4987552379760376,44.96265713928113
Kenya,2019,7,24.362484740106492,32.86358359091392,17.310181599673395,61.945489943807104,1.430874830902414,44.357119757974836
Kenya,2019,8,24.78803678541144,33.23479653376553,17.674091683337853,59.48792577739322,1.0988403970502543,34.06405230855788
Kenya,2019,9,25.684922888712585,34.490245131237565,18.262798697845714,57.47687213550186,1.355617759764703,40.66853279294109
Kenya,2019,10,24.606177749192565,33.56018487045108,18.530696713270405,71.9088832329533,5.912057998617444,183.27379795714074
Kenya,2019,11,24.538202806653594,32.730511157187436,18.637497798506438,74.06422323119315,5.215146244394614,156.4543873318384
Kenya,2019,12,24.407796656872843,32.36762669059423,17.715299281771255,74.43087639533566,4.246686569329071,131.6472836492012
Kenya,2020,1,25.197210008696956,33.94406891398327,18.19851969941673,67.16051012094088,2.3203361690031308,71.93042123909706
Kenya,2020,2,26.654480659222912,35.930152088439854,18.947866426380024,60.90455173536075,1.1630931256346408,33.729700643404584
Kenya,2020,3,26.756156687120605,35.88585652346684,20.064385144364316,65.04817977770057,3.3463035370905345,103.73540964980657
Kenya,2020,4,25.285214830008947,34.44746951009667,19.227615342755886,72.73892468804112,6.184840601268285,185.54521803804855
Kenya,2020,5,24.207657454933873,31.875651443172178,17.436660864080842,74.42512238118616,2.922052899472542,90.5836398836488
Kenya,2020,6,23.786021952119892,31.582925739811333,17.080114047470314,69.06857973006981,2.1995463587803004,65.986390763409
Kenya,2020,7,23.479590330965937,31.36893009586156,16.74229348486319,64.72062770106002,1.1863010326879446,36.775332013326285
Kenya,2020,8,24.113583940513767,32.31189315597627,17.058750608721915,63.12313585006304,1.4929594977511333,46.28174443028514
Kenya,2020,9,25.1424456182546,33.953811857082265,17.247472906561487,59.5463802816362,2.068761155219837,62.06283465659511
Kenya,2020,10,25.98048017665238,34.53040171455991,18.772800574047857,59.941813206611315,2.0209735232551744,62.65017922091041
Kenya,2020,11,25.229647007898947,33.63105236611224,18.73082796240553,68.08577102417732,3.860057816357373,115.80173449072119
Kenya,2020,12,25.6889822932525,34.30824088618848,17.466378154075226,57.66118967071187,4.030534670717994,124.94657479225782
Kenya,2021,1,24.943366631521588,34.05202176453333,16.79377820363427,59.52932233865971,3.1763593573739572,98.46714007859268
Kenya,2021,2,26.47208511097998,36.08124516699606,17.168043337980762,53.375673070217104,0.7428906892235881,20.800939298260467
Kenya,2021,3,27.081136180093452,36.38783645994168,19.086339052772068,53.516544048077954,1.317507793527066,40.84274159933905
Kenya,2021,4,26.25921750571457,34.72370409311305,19.855098281033435,64.4916350831009,2.6188176560361933,78.5645296810858
Kenya,2021,5,24.841411190605108,33.6648030356299,18.201544428870204,66.89340664956357,3.6979706150761964,114.63708906736208
Kenya,2021,6,24.076648410009483,32.0939148108161,17.188105003523265,63.04183238703232,0.633407331075081,19.00221993225243
Kenya,2021,7,23.462072283575974,31.48894119899458,16.889440480924,61.97739641040802,1.0057472206380365,31.17816383977913
Kenya,2021,8,24.622966434796048,33.644168572770134,17.05327861120798,57.13958566738395,0.7416723366403194,22.9918424358499
Kenya,2021,9,25.51525383167993,34.47432608879261,18.252443968966045,56.527476390078476,1.102731795492632,33.08195386477896
Kenya,2021,10,26.47884593261208,35.1720156370779,19.038750394995596,55.27518404296186,1.0257198836208892,31.797316392247563
Kenya,2021,11,26.796550571798996,35.87059168999928,19.44390142198107,57.70498251720404,8.215876093845798,246.47628281537396
Kenya,2021,12,24.28233683912448,32.13766016807515,16.902237790945417,71.45845640273636,2.7964169015133713,86.68892394691451
Kenya,2022,1,24.950923175518152,34.38687620840412,16.166902033249926,59.93564431441848,1.0285954423939072,31.886458714211123
Kenya,2022,2,26.7899854013461,36.25545415245972,17.810296200923315,53.12395881285148,0.5213489952046754,14.59777186573091
Kenya,2022,3,27.71440398513661,36.987194377739925,19.212427806253764,50.778682293074496,1.098008836781546,34.038273940227924
Kenya,2022,4,26.552560688013426,36.34534572277037,19.0197899067999,61.78314879918638,5.696819416435947,170.9045824930784
Kenya,2022,5,25.00027955976638,33.00498861557186,18.602788502173098,68.20701130403073,1.9998595257776595,61.995645299107444
Kenya,2022,6,24.114751902916094,32.42914554994666,17.045395117425226,62.747104550375305,0.9279695027367018,27.839085082101054
Kenya,2022,7,23.187819468064102,31.34872291896888,16.284914362072893,62.4887789927803,1.2525091658117231,38.827784140163416
Kenya,2022,8,23.44084915757297,32.12962970399934,16.611003449719394,62.50821103990528,2.1148303945350206,65.55974223058564
Kenya,2022,9,24.55092002215325,33.182103507226934,17.38128578830259,59.82461074124119,2.2052142975910676,66.15642892773202
Kenya,2022,10,25.653856468325152,34.65067073272987,17.47885975226272,55.66009844683319,0.9543038045961214,29.583417942479763
Kenya,2022,11,25.395992522288118,33.54495131888076,19.025914611863268,64.5362285779282,2.47868599013699,74.36057970410971
Kenya,2022,12,25.93993748037864,34.15943973299303,18.476018287568834,58.16734346775653,1.0746067002580648,33.31280770800001
Kenya,2023,1,26.202265153573492,35.50177072816051,17.91269278852773,49.956125317831436,0.45992097043597124,14.257550083515108
Kenya,2023,2,27.557328062047098,36.73087025744088,18.44968946795431,43.99585454286155,0.18292989542227037,5.12203707182357
Kenya,2023,3,27.040079855555575,36.883347558170094,19.634635827462628,56.67301217284678,2.475698322351181,76.74664799288661
Kenya,2023,4,25.018191679429005,34.64301893152527,19.094901848304367,73.30578209408122,7.632779936535618,228.98339809606856
Kenya,2023,5,24.81956398554428,32.7914087027094,18.249472977819043,70.8559166166418,2.3045633485355643,71.44146380460249
Kenya,2023,6,23.824070164658302,31.889600417274682,16.98901453903907,70.59852474615272,4.633965875386831,139.01897626160493
Kenya,2023,7,23.543964032433735,31.44294983336897,16.781822122238648,66.78115801050832,0.9710593659079956,30.102840343147864
Kenya,2023,8,24.549039107014064,33.083623194437855,17.486892779923917,61.35372219925845,1.0287586420974548,31.8915179050211
Kenya,2023,9,26.132833009636677,34.509977567057796,18.653128053183206,57.854694504538884,1.0363980579447796,31.091941738343387
Kenya,2023,10,26.135565118242027,35.23500385954188,18.98883393732762,62.510841615246996,3.612293202102449,111.98108926517592
Kenya,2023,11,23.973742786228048,31.449233712040296,18.566526706032196,79.00189785296885,9.362168535433366,280.86505606300096
Kenya,2023,12,24.90972603766626,32.81898563039388,17.983032117939732,71.51092275388397,1.3308009388671973,41.254829104883115
Kenya,2024,1,25.938921892816005,34.41126956938462,18.62963820014948,62.13990640669269,1.4526976167421453,45.033626119006506
Kenya,2024,2,27.119278927615188,35.97595127338564,19.928643262180504,60.70648248566845,3.0399902031407526,88.15971589108183
Kenya,2024,3,27.665033677112195,36.14348777943791,20.265264793094957,59.8767730030353,1.654008515210119,51.27426397151369
Kenya,2024,4,25.319602966739765,33.66549893169065,19.55833119693087,74.90230756070598,7.283239630911815,218.49718892735444
Kenya,2024,5,24.964039230564566,32.906657215196155,18.4577991000691,72.88229775242728,3.667251381686121,113.68479283226975
Kenya,2024,6,24.47933305944779,32.680683859670935,17.215495854690783,64.56870003553995,0.9631350836434273,28.894052509302817
Kenya,2024,7,24.303001050268723,32.334263071865145,17.31298103397286,64.06395424742142,1.5398233828323677,47.7345248678034
Kenya,2024,8,24.541532625242994,32.89463353641937,17.357994394211488,61.992301431679984,1.423639969482936,44.13283905397102
Kenya,2024,9,25.906378379453106,34.472344917823186,18.365636493686505,56.20204299453809,0.89093586358376,26.7280759075128
Kenya,2024,10,26.977513605827816,35.81886487741907,19.318884331696523,55.146224970985784,0.9819186169642726,30.439477125892452
Kenya,2024,11,25.881704835786774,35.177450508476184,19.490779149649683,67.15494249515164,4.682345876798851,140.47037630396554
Kenya,2024,12,26.014821176018177,34.60126786844643,18.126222731885527,58.235679384733,1.096053564143909,33.97766048846118
